1,100,Demon Slayer,1,disponibile,20,2019-04-10,Descrizione1,assets/imgs/demon-slayer-1.jpg
2,100,Demon Slayer,2,disponibile,20,2019-06-12,Descrizione2,assets/imgs/demon-slayer-2.jpg
3,100,Demon Slayer,3,disponibile,20,2019-08-07,Descrizione3,assets/imgs/demon-slayer-3.jpg
4,100,Demon Slayer,4,disponibile,20,2019-10-09,Descrizione4,assets/imgs/demon-slayer-4.jpg
5,100,Demon Slayer,5,disponibile,20,2019-12-11,Descrizione5,assets/imgs/demon-slayer-5.jpg
6,100,Demon Slayer,6,disponibile,20,2020-02-12,Descrizione6,assets/imgs/demon-slayer-default.jpg
7,100,Demon Slayer,7,disponibile,20,2020-05-13,Descrizione7,assets/imgs/demon-slayer-default.jpg
8,100,Demon Slayer,8,disponibile,20,2020-07-08,Descrizione8,assets/imgs/demon-slayer-default.jpg
9,100,Demon Slayer,9,disponibile,20,2020-09-09,Descrizione9,assets/imgs/demon-slayer-default.jpg
10,100,Demon Slayer,10,disponibile,20,2020-11-11,Descrizione10,assets/imgs/demon-slayer-default.jpg
11,100,Demon Slayer,11,disponibile,20,2021-01-13,Descrizione11,assets/imgs/demon-slayer-default.jpg
12,100,Demon Slayer,12,disponibile,20,2021-03-10,Descrizione12,assets/imgs/demon-slayer-default.jpg
13,100,Demon Slayer,13,disponibile,20,2021-05-12,Descrizione13,assets/imgs/demon-slayer-default.jpg
14,100,Demon Slayer,14,disponibile,20,2021-07-07,Descrizione14,assets/imgs/demon-slayer-default.jpg
15,100,Demon Slayer,15,disponibile,20,2021-09-08,Descrizione15,assets/imgs/demon-slayer-default.jpg
16,100,Demon Slayer,16,disponibile,20,2021-11-10,Descrizione16,assets/imgs/demon-slayer-default.jpg
17,100,Demon Slayer,17,disponibile,20,2022-01-12,Descrizione17,assets/imgs/demon-slayer-default.jpg
18,100,Demon Slayer,18,disponibile,20,2022-03-09,Descrizione18,assets/imgs/demon-slayer-default.jpg
19,100,Demon Slayer,19,disponibile,20,2022-05-11,Descrizione19,assets/imgs/demon-slayer-default.jpg
20,100,Demon Slayer,20,disponibile,20,2022-07-20,Descrizione20,assets/imgs/demon-slayer-default.jpg
21,100,Demon Slayer,21,disponibile,20,2022-10-26,Descrizione21,assets/imgs/demon-slayer-default.jpg
22,100,Demon Slayer,22,disponibile,20,2023-02-08,Descrizione22,assets/imgs/demon-slayer-default.jpg
23,100,Demon Slayer,23,disponibile,20,2023-04-12,Descrizione23,assets/imgs/demon-slayer-default.jpg
24,101,Dragon Ball Super,1,disponibile,20,2017-04-26,Descrizione1,assets/imgs/dragon-ball-super-1.jpg
25,101,Dragon Ball Super,2,disponibile,20,2017-05-24,Descrizione2,assets/imgs/dragon-ball-super-2.jpg
26,101,Dragon Ball Super,3,disponibile,20,2017-10-25,Descrizione3,assets/imgs/dragon-ball-super-3.jpg
27,101,Dragon Ball Super,4,disponibile,20,2018-04-26,Descrizione4,assets/imgs/dragon-ball-super-4.jpg
28,101,Dragon Ball Super,5,disponibile,20,2018-10-24,Descrizione5,assets/imgs/dragon-ball-super-5.jpg
29,101,Dragon Ball Super,6,disponibile,20,2019-01-23,Descrizione6,assets/imgs/dragon-ball-default.jpg
30,101,Dragon Ball Super,7,disponibile,20,2019-04-24,Descrizione7,assets/imgs/dragon-ball-default.jpg
31,101,Dragon Ball Super,8,disponibile,20,2019-07-24,Descrizione8,assets/imgs/dragon-ball-default.jpg
32,101,Dragon Ball Super,9,disponibile,20,2019-10-23,Descrizione9,assets/imgs/dragon-ball-default.jpg
33,101,Dragon Ball Super,10,disponibile,20,2020-01-29,Descrizione10,assets/imgs/dragon-ball-default.jpg
34,101,Dragon Ball Super,11,disponibile,20,2020-05-27,Descrizione11,assets/imgs/dragon-ball-default.jpg
35,101,Dragon Ball Super,12,disponibile,20,2020-10-28,Descrizione12,assets/imgs/dragon-ball-default.jpg
36,101,Dragon Ball Super,13,disponibile,20,2021-02-24,Descrizione13,assets/imgs/dragon-ball-default.jpg
37,101,Dragon Ball Super,14,disponibile,20,2021-08-25,Descrizione14,assets/imgs/dragon-ball-default.jpg
38,101,Dragon Ball Super,15,disponibile,20,2021-12-22,Descrizione15,assets/imgs/dragon-ball-default.jpg
39,101,Dragon Ball Super,16,disponibile,20,2022-04-22,Descrizione16,assets/imgs/dragon-ball-default.jpg
40,101,Dragon Ball Super,17,disponibile,20,2022-09-21,Descrizione17,assets/imgs/dragon-ball-default.jpg
41,101,Dragon Ball Super,18,disponibile,20,2023-01-25,Descrizione18,assets/imgs/dragon-ball-default.jpg
42,102,My Hero Academia,1,disponibile,20,2016-02-03,Descrizione1,assets/imgs/my-hero-academia-1.jpg
43,102,My Hero Academia,2,disponibile,20,2016-04-01,Descrizione2,assets/imgs/my-hero-academia-2.jpg
44,102,My Hero Academia,3,disponibile,20,2016-06-01,Descrizione3,assets/imgs/my-hero-academia-3.jpg
45,102,My Hero Academia,4,disponibile,20,2016-08-03,Descrizione4,assets/imgs/my-hero-academia-4.jpg
46,102,My Hero Academia,5,disponibile,20,2016-10-05,Descrizione5,assets/imgs/my-hero-academia-5.jpg
47,102,My Hero Academia,6,disponibile,20,2016-12-01,Descrizione6,assets/imgs/my-hero-academia-default.jpg
48,102,My Hero Academia,7,disponibile,20,2017-02-01,Descrizione7,assets/imgs/my-hero-academia-default.jpg
49,102,My Hero Academia,8,disponibile,20,2017-04-04,Descrizione8,assets/imgs/my-hero-academia-default.jpg
50,102,My Hero Academia,9,disponibile,20,2017-07-05,Descrizione9,assets/imgs/my-hero-academia-default.jpg
51,102,My Hero Academia,10,disponibile,20,2017-09-06,Descrizione10,assets/imgs/my-hero-academia-default.jpg
52,102,My Hero Academia,11,disponibile,20,2017-11-02,Descrizione11,assets/imgs/my-hero-academia-default.jpg
53,102,My Hero Academia,12,disponibile,20,2018-01-03,Descrizione12,assets/imgs/my-hero-academia-default.jpg
54,102,My Hero Academia,13,disponibile,20,2018-03-01,Descrizione13,assets/imgs/my-hero-academia-default.jpg
55,102,My Hero Academia,14,disponibile,20,2018-05-02,Descrizione14,assets/imgs/my-hero-academia-default.jpg
56,102,My Hero Academia,15,disponibile,20,2018-07-04,Descrizione15,assets/imgs/my-hero-academia-default.jpg
57,102,My Hero Academia,16,disponibile,20,2018-10-03,Descrizione16,assets/imgs/my-hero-academia-default.jpg
58,102,My Hero Academia,17,disponibile,20,2019-01-04,Descrizione17,assets/imgs/my-hero-academia-default.jpg
59,102,My Hero Academia,18,disponibile,20,2019-03-01,Descrizione18,assets/imgs/my-hero-academia-default.jpg
60,102,My Hero Academia,19,disponibile,20,2019-05-01,Descrizione19,assets/imgs/my-hero-academia-default.jpg
61,102,My Hero Academia,20,disponibile,20,2019-07-03,Descrizione20,assets/imgs/my-hero-academia-default.jpg
62,102,My Hero Academia,21,disponibile,20,2019-09-04,Descrizione21,assets/imgs/my-hero-academia-default.jpg
63,102,My Hero Academia,22,disponibile,20,2019-12-04,Descrizione22,assets/imgs/my-hero-academia-default.jpg
64,102,My Hero Academia,23,disponibile,20,2020-03-04,Descrizione23,assets/imgs/my-hero-academia-default.jpg
65,102,My Hero Academia,24,disponibile,20,2020-08-05,Descrizione24,assets/imgs/my-hero-academia-default.jpg
66,102,My Hero Academia,25,disponibile,20,2020-11-04,Descrizione25,assets/imgs/my-hero-academia-default.jpg
67,102,My Hero Academia,26,disponibile,20,2021-01-07,Descrizione26,assets/imgs/my-hero-academia-default.jpg
68,102,My Hero Academia,27,disponibile,20,2021-03-31,Descrizione27,assets/imgs/my-hero-academia-default.jpg
69,102,My Hero Academia,28,disponibile,20,2021-06-30,Descrizione28,assets/imgs/my-hero-academia-default.jpg
70,102,My Hero Academia,29,disponibile,20,2021-09-29,Descrizione29,assets/imgs/my-hero-academia-default.jpg
71,102,My Hero Academia,30,disponibile,20,2021-12-01,Descrizione30,assets/imgs/my-hero-academia-default.jpg
72,102,My Hero Academia,31,disponibile,20,2022-03-02,Descrizione31,assets/imgs/my-hero-academia-default.jpg
73,102,My Hero Academia,32,disponibile,20,2022-06-01,Descrizione32,assets/imgs/my-hero-academia-default.jpg
74,102,My Hero Academia,33,disponibile,20,2022-08-31,Descrizione33,assets/imgs/my-hero-academia-default.jpg
75,102,My Hero Academia,34,disponibile,20,2022-10-28,Descrizione34,assets/imgs/my-hero-academia-default.jpg
76,102,My Hero Academia,35,disponibile,20,2023-02-01,Descrizione35,assets/imgs/my-hero-academia-default.jpg
